primarily|Mainly; more than anything else.|主要地；首先考虑的是。
subtle|Not obvious and requiring careful attention.|微妙的；不明显、需要细心察觉的。
corporation|A large business organized as a legal company.|公司；作为法律实体组织起来的大型企业。
moisturizer|A cream that prevents skin from becoming dry.|润肤膏；用于保持皮肤水分的乳霜。
disinfecting|Destroying harmful microorganisms.|消毒的；消灭有害微生物的。
purifier|A device that removes unwanted substances.|净化器；去除杂质的装置。
ruthless|Showing no pity or concern for others.|无情的；不顾他人感受的。
intentional|Done deliberately rather than by accident.|有意的；经过刻意安排的。
randomly|Without a fixed pattern or deliberate selection.|随机地；没有固定模式地。
landmark|An event that marks an important stage of development.|里程碑；标志重要发展阶段的事件。
unconstitutional|Contrary to a country's constitution.|违反宪法的；不符合宪法规定的。
subsequently|After the event or time already mentioned.|随后；在已经提到的事件之后。
restate|To express the same idea again, often more clearly.|重申；再次表达同一观点。
enormous|Extremely large in size, amount, or degree.|巨大的；数量或程度极大的。
likelihood|The probability that something will happen.|可能性；某事发生的概率。
biased|Unfairly favoring one side or producing a distorted result.|有偏见的；偏向一方或造成偏倚的。
presumably|Probably true, based on a reasonable assumption.|据推测；根据合理假设大概如此。
proxy|Authority to act for another person, or the document granting it.|代理权；委托他人行事的权力或文件。
whirlwind|A rapidly rotating column of air; a rapid series of events.|旋风；也指迅猛的一连串事件。
savagely|In a cruel or violently aggressive way.|野蛮地；残忍而猛烈地。
overboard|Over the side of a boat and into the water.|越过船边落入水中。
equivalent|A thing equal to another in value or function.|对等物；价值或作用相当的事物。
stimulus|Something that causes activity, interest, or a response.|刺激物；引发活动或反应的因素。
popularize|To make an idea or activity widely known and used.|普及；使某种观点或活动广为人知。
laminated|Made by joining thin layers of material together.|层压的；由薄层材料叠合而成的。
symbolize|To represent an idea by a symbol.|象征；用符号代表某种含义。
cheerleader|A person who leads cheering, or strongly supports a cause.|啦啦队员；也指热情的支持者。
rigour|Strictness, precision, or demanding conditions.|严格；严谨；严苛的条件。
redistribution|The sharing out of resources in a new way.|重新分配；以新的方式分配资源。
harmonisation|The process of making rules or actions work together consistently.|协调；使规则或行动相互一致的过程。
remarkably|To a degree that is unusual or attracts attention.|显著地；程度不同寻常地。
inflexible|Unwilling or unable to change or bend.|僵化的；缺乏弹性或不愿改变的。
conversely|In the opposite way or from the opposite point of view.|相反地；从相反角度看。
intrinsically|As part of the essential nature of something.|本质上；就事物固有性质而言。
toddler|A young child who has recently learned to walk.|幼童；刚学会走路的小孩。
encode|To convert information into a coded form.|编码；将信息转换成代码形式。
violently|With great physical force or intensity.|猛烈地；激烈而强烈地。
genome|The complete set of genetic information of an organism.|基因组；一个生物的全部遗传信息。
preliminary|Coming before the main activity as preparation.|初步的；主要活动前作为准备的。
prior|Existing or happening earlier.|先前的；在时间上更早的。
personalised|Adapted to the needs or preferences of one person.|个性化的；根据个人需要调整的。
prudent|Careful and sensible about possible risks.|谨慎明智的；仔细考虑风险的。
resentment|Anger caused by feeling unfairly treated.|怨恨；因认为受到不公平待遇而生的愤怒。
lengthy|Taking a long time or being unusually long.|冗长的；时间或篇幅很长的。
mean-spirited|Unkind, ungenerous, and unwilling to care about others.|心胸狭隘的；刻薄而不宽厚的。
automate|To make a process operate automatically.|使自动化；使过程自动运行。
stubbornly|With a persistent refusal to change one's mind.|顽固地；坚持不改变想法地。
previous|Happening or existing before the present one.|以前的；在当前事物之前的。
robotics|The science and technology of designing and using robots.|机器人学；设计和使用机器人的科学技术。
sojourner|A person staying temporarily in a place.|旅居者；暂时在某处居住的人。
violinist|A musician who plays the violin.|小提琴家；演奏小提琴的音乐家。
entrepreneur|A person who starts a business and takes its risks.|企业家；创办企业并承担风险的人。
nickname|An informal or familiar name given to someone.|昵称；给某人起的非正式称呼。
mightily|Very much, or with great effort and strength.|非常；也指费力地或强有力地。
screener|A person or tool that checks and selects people or things.|筛选者；负责检查和筛选的人或工具。
hard-wired|Built into a system; figuratively, deeply ingrained or instinctive.|硬连线的；引申为根深蒂固或本能的。
preferably|Ideally; as the more desirable choice.|最好；作为更合适的选择。
stimuli|Things that cause reactions; the plural of stimulus.|刺激物；stimulus 的复数形式。
differentiate|To recognize or show the differences between things.|区分；识别或说明事物间的差异。
overwhelmingly|By a very large majority or to an extremely great degree.|压倒性地；以极大优势或程度。
meritocracy|A system in which advancement depends on ability and achievement.|精英制度；以能力和成就决定晋升的制度。
temporarily|For a limited period rather than permanently.|暂时地；仅在有限时间内。
newsworthy|Interesting or important enough to be reported as news.|有新闻价值的；值得报道的。
whopping|Extremely large, especially in amount.|巨大的；尤其指数量非常大。
fulfilment|Satisfaction from achieving something meaningful.|满足感；完成有意义的事情带来的满足。
scarcity|A shortage or an insufficient amount.|稀缺；数量不足的状态。
deep-seated|Firmly established and difficult to change.|根深蒂固的；难以改变的。
lineup|A group of people or things arranged for an event.|阵容；为某项活动安排的一组人或事物。
flattering|Making someone look attractive, or praising them excessively.|使人显得好看的；也指讨好奉承的。
genuinely|Truly or sincerely, without pretending.|真正地；真诚而不假装地。
defensive|Intended to protect, or showing anxiety about criticism.|防御性的；也指面对批评时戒备的。
viscerally|Through strong instinctive feelings rather than reasoning.|发自内心地；凭强烈本能感受地。
stereotype|An oversimplified fixed idea about a group or thing.|刻板印象；对群体或事物过度简化的固定看法。
wit|The ability to express clever and amusing ideas.|机智；用巧妙有趣的语言表达的能力。
portray|To describe or represent someone or something.|描绘；描述或表现某人某物。
idealise|To present something as better or more perfect than it is.|理想化；把某物看得比实际更完美。
reinvent|To change something so much that it seems new.|彻底改造；使某物呈现全新面貌。
outmode|To make something old-fashioned or no longer useful.|使过时；使某物不再时兴或适用。
scary|Causing fear or anxiety.|可怕的；使人害怕或不安的。
reframe|To express or understand an issue in a different way.|重新界定；换一种方式组织或理解问题。
augment|To increase the amount, size, or strength of something.|增加；扩大数量、规模或力量。
innovate|To introduce new ideas, methods, or products.|创新；引入新观点、方法或产品。
seldom|Not often; rarely.|很少；不经常。
flexibility|The ability to change, adapt, or bend easily.|灵活性；易于改变、适应或弯曲的能力。
nevertheless|Despite what has just been said.|然而；尽管前述情况如此。
affordable|Not too expensive for someone to pay for.|负担得起的；价格在支付能力之内的。
long-term|Continuing or having effects over a long period.|长期的；持续很久或影响长远的。
urgent|Needing immediate attention or action.|紧急的；需要立即处理的。
life-sustaining|Necessary to keep a person or organism alive.|维持生命的；生存所必需的。
clinically|In a detached, unemotional, or medical manner.|冷静客观地；也指临床上。
contradict|To oppose a statement or be inconsistent with it.|反驳；与某种说法相矛盾。
methodically|In an orderly and planned way.|有条不紊地；按计划有序地。
apparently|As far as can be seen or judged; seemingly.|显然；根据外观或判断似乎如此。
motivate|To give someone a reason or desire to act.|激励；使某人产生行动的动力。
recipients|People who receive something.|接受者；收到某物的人们。
dropout|A person who leaves a course before finishing it.|辍学者；未完成课程就离开的人。
right-brained|Informally, associated with creative or intuitive thinking.|右脑型的；非正式地指偏向创造性或直觉思维的。
amid|In the middle of a situation or surroundings.|在……之中；处于某种环境中。
male-dominated|Controlled or mainly occupied by men.|男性占主导的；主要由男性掌控或组成的。
buzzword|A fashionable term frequently used in a particular field.|时髦用语；某领域经常使用的流行术语。
linguist|A specialist in the study of language.|语言学家；研究语言的专家。
infuse|To fill something with a quality, feeling, or substance.|注入；使某物充满某种品质、感情或物质。
voluntarily|By one's own choice, without being forced.|自愿地；出于自主选择而非强迫。
previously|Before the time being discussed.|以前；在所讨论的时间之前。
introductory|Providing basic information at the beginning.|入门的；在开头提供基础知识的。
bootcamp|A short period of intensive practical training.|训练营；短期密集的实践培训。
beneficial|Producing a useful or helpful effect.|有益的；能产生有利效果的。
bite-sized|Small enough to deal with easily at one time.|小块的；一次容易处理的小份量的。
prairie|A large open grassland, especially in North America.|大草原；尤指北美洲的开阔草地。
unintentionally|Without meaning or planning to do so.|无意地；非故意地。
environmentalist|A person concerned with protecting the natural environment.|环保人士；致力于保护自然环境的人。
cliche|An expression or idea used so often that it seems unoriginal.|陈词滥调；因频繁使用而缺乏新意的表达。
distraction|Something that takes attention away from a task.|干扰；使人从任务上分心的事物。
instrumentally|In a way that helps achieve a purpose.|起作用地；有助于实现目标地。
virtually|Almost completely; in practical effect.|几乎；实际效果上近乎完全。
milestone|An important event or stage in development.|里程碑；发展中的重要事件或阶段。
somewhat|To a limited or moderate degree.|有点；在一定但不很大的程度上。
strikingly|In a way that is very noticeable.|显著地；以引人注目的方式。
prioritize|To put tasks in order of importance or give something priority.|按重要性排序；优先考虑。
signpost|A road sign, or a clue that indicates a direction.|路标；也指指示方向的线索。
technician|A worker trained in practical technical tasks.|技术员；接受过专门技术训练的人员。
steadily|In a regular, stable, or continuous way.|稳定地；持续而有规律地。
searing|Extremely hot, painful, or intense.|灼热的；剧痛或极其强烈的。
bidder|A person who offers a price in an auction or tender.|出价人；竞拍或投标的人。
intimidating|Making someone feel frightened or less confident.|令人畏惧的；让人胆怯的。
grassroots|Ordinary people at the local or basic level of an organization.|基层民众；组织中最基础层面的人们。
successive|Following one after another without a break.|连续的；接连发生的。
obesity|The medical condition of having excessive body fat.|肥胖症；身体脂肪过多的状态。
wordy|Using more words than necessary.|冗长的；使用了过多词语的。
retrospection|The act of thinking back about past events.|回顾；回想过去发生的事情。
disconcerting|Making someone feel confused or uneasy.|令人不安的；使人困惑或局促的。
disengage|To withdraw attention, involvement, or connection.|脱离；停止参与、关注或联系。
exquisitely|In an extremely beautiful, delicate, or precise way.|精美地；非常细腻或精确地。
fantasized|Imagined as a desirable but possibly unreal situation.|幻想出来的；在想象中构建的。
attentive|Listening or watching carefully.|专注的；认真聆听或观察的。
mandatory|Required by a rule or law.|强制的；法规要求必须做到的。
await|To be waiting for someone, or to lie ahead of them.|等待；也指某事将降临到某人身上。
lucrative|Producing a lot of money or profit.|获利丰厚的；能赚很多钱的。
misconception|An incorrect understanding or belief.|误解；错误的认识或观念。
costly|Expensive or causing serious loss.|昂贵的；造成重大损失的。
brand-new|Completely new and not previously used.|全新的；从未使用过的。
department|A division of an organization or university.|部门；大学中某个学科的系。
unleash|To suddenly release a force, emotion, or activity.|释放；使力量、情绪或活动突然爆发。
disconnect|To separate things or break a connection.|断开；使事物脱离联系。
academically|In relation to study, scholarship, or theory.|学术上；从学习或理论角度。
pioneering|Introducing an important new idea or method.|开创性的；引入重要新方法或观点的。
utterly|Completely; to the greatest possible extent.|完全地；彻底地。
devalue|To reduce the worth or importance of something.|贬值；降低价值或重要性。
availability|The state of being obtainable or ready for use.|可用性；能够得到或使用的状态。
put-down|An insulting remark intended to make someone feel inferior.|奚落；使人感到低人一等的贬损话语。
skeptic|A person who doubts claims or accepted beliefs.|怀疑者；对说法或既定观念持怀疑态度的人。
plummeting|Falling very quickly or sharply.|暴跌的；迅速而大幅下降的。
notably|Especially; in a way worth noticing.|尤其；显著地或值得注意地。
conceptual|Related to ideas or mental concepts.|概念上的；与观念有关的。
detailed|Including many specific facts or features.|详细的；包含许多具体信息的。
enormously|To a very great degree.|极其；在非常大的程度上。
predatory|Hunting other animals, or exploiting vulnerable people.|捕食性的；也指掠夺性、剥削弱者的。
spammer|A person who sends unwanted mass messages.|垃圾信息发送者；大量发送不受欢迎消息的人。
demotivate|To reduce someone's desire or willingness to act.|使失去动力；削弱行动意愿。
downtime|A period when work or a system is temporarily stopped.|停工期；系统停机或休息的时段。
immediate|Present, nearest, or requiring attention at once.|当前的；最迫近的；需要立即处理的。
idleness|The state of not working or being inactive.|空闲；不工作或不活动的状态。
indulgence|Allowing oneself or others excessive pleasure or freedom.|放纵；允许过多享乐或自由。
vice|Immoral behavior or a harmful habitual practice.|恶行；不道德行为或有害习惯。
psychiatry|The medical study and treatment of mental disorders.|精神病学；研究和治疗精神障碍的医学领域。
prioritise|To arrange tasks according to their importance.|按重要性排序；prioritize 的英式拼写。
pathway|A route or a way of achieving something.|路径；实现某个目标的途径。
appease|To calm someone by satisfying some of their demands.|安抚；通过满足部分要求使人平静。
transgression|An action that breaks a rule or moral standard.|违规；违反规则或道德标准的行为。
advantageous|Providing a benefit or better chance of success.|有利的；带来优势或好处的。
destructive|Causing serious damage or harm.|破坏性的；造成严重损害的。
prosocial|Intended to help other people or benefit society.|亲社会的；有助于他人或社会的。
biofuel|Fuel made from recently living plant or animal material.|生物燃料；由近期生物材料制成的燃料。
watershed|An area drained by a river system, or a major turning point.|流域；也指重要转折点。
finalize|To make the last decisions and complete an arrangement.|定案；作出最终决定并完成安排。
burnable|Capable of being burned.|可燃的；能够燃烧的。
predominantly|Mainly; for the most part.|主要地；占绝大部分地。
implausible|Not seeming reasonable or likely to be true.|难以置信的；似乎不合情理的。
raisin|A dried grape.|葡萄干；经过干燥处理的葡萄。
automated|Operated by machines with little human intervention.|自动化的；少需人工干预的。
single-use|Designed to be used only once.|一次性的；设计为仅使用一次的。
problematic|Causing difficulties or raising doubts.|有问题的；难以处理或值得怀疑的。
recycling|Processing used materials so they can be used again.|回收利用；使废旧材料重新投入使用。
overarching|Covering and connecting all the main parts.|总体的；统领和连接各主要部分的。
sustainably|In a way that can continue without exhausting resources.|可持续地；不耗尽资源而能长期持续地。
alongside|Next to, together with, or at the same time as.|在……旁边；与……一起或同时。
collectively|Together as a group.|集体地；作为一个群体共同地。
minimalist|Using only a few simple elements and little decoration.|极简的；只使用少量简单元素的。
depredation|The act of attacking, plundering, or causing damage.|掠夺；攻击、劫掠或破坏的行为。
slipup|A small mistake caused by carelessness.|疏忽；粗心造成的小错误。
mind-boggling|Extremely surprising or difficult to imagine.|惊人的；令人难以想象的。
rigorous|Very thorough, careful, and strict.|严格的；非常认真、严谨的。
ultra-|A prefix meaning extremely or beyond the usual limit.|前缀：极端的；超过通常限度的。
enforcement|The act of making sure a law or rule is obeyed.|执行；确保法律或规则被遵守的行为。
overrule|To reject a decision using higher authority.|否决；凭更高权力推翻决定。
decision|A choice or formal conclusion reached after consideration.|决定；经过考虑作出的选择或决议。
contentious|Likely to cause disagreement or argument.|有争议的；容易引发分歧的。
councilor|An elected member of a local council.|地方议员；地方议会的民选成员。
inevitably|In a way that cannot be prevented.|不可避免地；必然地。
deem|To consider or judge something to be a certain way.|认为；将某物认定为某种状态。
supervision|The act of overseeing and guiding work or people.|监督；对工作或人员的指导和管理。
pragmatist|A person who focuses on practical results.|实用主义者；重视实际效果的人。
assuage|To make an unpleasant feeling less intense.|缓解；减轻不愉快的感受。
languid|Moving slowly and lacking energy.|迟缓无力的；慢悠悠的。
pandemic|A disease outbreak that spreads across many countries.|大流行病；在多个国家广泛传播的疾病。
would-be|Hoping or intending to become something.|想要成为……的；打算成为……的。
respectively|In the same order as the people or things mentioned.|分别；按照先前提及的次序各自对应。
timeline|A schedule of events or the time available for a project.|时间线；事件安排或项目时间期限。
personnel|The people employed by an organization.|人员；某个组织雇用的全体职员。
laid-off|Having lost a job because the employer no longer needs the role.|被裁员的；因雇主不再需要该岗位而失业的。
mismatch|A poor fit between two people or things.|不匹配；两者之间的不适合。
intensively|With concentrated effort, activity, or resources.|集中地；密集地投入力量或资源。
brexit|The United Kingdom's withdrawal from the European Union.|英国脱欧；英国退出欧洲联盟。
terrain|The physical features of a piece of land.|地形；一片土地的自然形态。
home-grown|Produced or developed within one's own country or community.|本国产的；在本国或本地发展的。
caveat|A warning or condition that limits a statement.|警告；对某种说法的限制条件。
bulk|The main or largest part of something.|大部分；某物的主要部分。
drastically|To an extreme or greatly changed degree.|大幅度地；剧烈地。
start-up|A newly established business.|初创企业；刚刚成立的公司。
talent|Natural ability, or people who have valuable abilities.|天赋；也指有出色能力的人才。
remorseless|Without pity, regret, or any easing of intensity.|无情的；毫不怜悯或减弱的。
prominent|Easily noticed or especially important.|显眼的；突出的或重要的。
seedling|A young plant grown from a seed.|幼苗；由种子长成的幼小植物。
intrusive|Disturbing others or entering where one is not welcome.|侵扰的；打扰他人或不受欢迎地介入的。
rationale|The reasons or logical basis for a decision.|理由；决定背后的逻辑依据。
critically|In a way that is crucial, or involves careful evaluation.|关键地；也指以审慎评判的方式。
dramatically|In a sudden, large, or very noticeable way.|明显地；突然或大幅度地。
utterance|Something spoken, or the act of expressing it.|话语；说出的内容或表达行为。
interplay|The way two or more things affect one another.|相互作用；多个因素彼此影响的方式。
holistic|Considering a whole system rather than separate parts.|整体的；从完整系统出发考虑的。
windswept|Exposed to strong winds.|风吹的；暴露在强风中的。
probiotic|A beneficial microorganism used to support health.|益生菌；用于支持健康的有益微生物。
rollout|The introduction of a new product or service.|推出；新产品或服务的发布过程。
considerably|To a large or noticeable degree.|相当地；在较大或明显的程度上。
floodgate|A gate controlling water flow, or a barrier to a sudden increase.|防洪闸门；也指阻挡大量涌入的屏障。
regenerative|Helping restore, renew, or grow something again.|再生的；有助于恢复或重新生长的。
free-range|Kept with access to an outdoor area rather than confined.|自由放养的；可以在户外活动而非封闭饲养的。
gmo|An organism whose genetic material has been modified by genetic engineering.|转基因生物；遗传物质经基因工程改造的生物。
fertilize|To add nutrients to soil, or to start reproduction by joining reproductive cells.|施肥；也指使生殖细胞结合而受精。
concerned|Worried about, interested in, or involved with something.|担忧的；关注的；与某事有关的。
beyond|Further than a limit or outside someone's ability.|超出；超过某个界限或能力范围。
boomer|A person born during a baby boom, especially after World War II.|婴儿潮一代；尤指二战后生育高峰期出生的人。
upend|To turn something upside down or disrupt its usual order.|颠倒；打乱原有秩序。
culprit|A person or factor responsible for a problem.|罪魁祸首；导致问题的人或因素。
fulfillment|Satisfaction from meeting a goal or need.|满足感；达成目标或需求带来的满足。
evolve|To develop or change gradually.|演变；逐步发展或改变。
unfortunately|Used to introduce an unwelcome or regrettable fact.|不幸地；令人遗憾的是。
ultimately|Finally, after all other events or considerations.|最终；经过其他过程或考虑后。
prevalent|Common and widespread in a particular place or time.|普遍的；在特定地区或时期广泛存在的。
engender|To cause a feeling, situation, or effect to arise.|引起；导致某种感受或局面产生。
sign-up|The act of registering to join or use something.|注册；报名加入或使用某项服务。
coder|A person who writes computer programs or assigns codes.|编程人员；也指编码员。
catch-all|Broad enough to include many different things.|笼统的；可涵盖许多不同事物的。
accountability|Responsibility for actions and the duty to explain them.|问责；对行为负责并作出说明的义务。
actually|In fact; used to correct an impression.|实际上；用于纠正先前印象。
contrived|Deliberately designed and often seeming unnatural.|人为设计的；常带有不自然意味的。
self-report|Information a person provides about their own behavior or condition.|自陈报告；个人对自身行为或状态的陈述。
nudge|A gentle push, or a small influence encouraging an action.|轻推；也指促使行动的小幅引导。
vegetarianism|The practice of avoiding meat in one's diet.|素食主义；饮食中不吃肉的做法。
measurable|Able to be measured or clearly observed.|可测量的；能够测量或清楚观察到的。
anonymize|To remove information that identifies a person.|匿名化；移除可识别个人身份的信息。
homeowner|A person who owns the home they live in.|房主；拥有所住房屋的人。
follower|A supporter or someone who subscribes to another person's updates.|追随者；也指关注者或粉丝。
shortcut|A quicker route or a faster way of doing something.|捷径；更快的路线或做事方法。
weed killer|A substance used to destroy unwanted plants.|除草剂；用于杀灭杂草的物质。
biodiversity|The variety of living organisms in an area.|生物多样性；某地区生物种类的丰富程度。
alleviate|To make pain, a problem, or suffering less severe.|缓解；减轻痛苦或问题的严重程度。
chronically|Persistently or repeatedly over a long period.|长期地；持续或反复发生地。
starve|To suffer from too little food, or lack something essential.|挨饿；也指严重缺少某种必需品。
redwood|A very tall coniferous tree, or its reddish wood.|红杉；也指这种树的木材。
campground|A place where people can put up tents or park camping vehicles.|露营地；供搭帐篷或停露营车的地方。
cure-all|Something claimed to solve every problem.|万灵药；被认为能解决一切问题的东西。
privatization|The transfer of public ownership or management to private interests.|私有化；把公共所有或管理转为私人所有或管理。
onetime|Occurring once, or belonging to a former period.|一次性的；也指曾经的。
drumbeat|The sound or rhythm of a drum; figuratively, repeated pressure.|鼓点；也指反复出现的压力或呼声。
memorization|The process of learning something so it can be recalled exactly.|记忆；把内容记住以便准确回忆的过程。
factoid|A small interesting fact, or a claim repeated as if factual.|趣味小知识；也可指被反复当成事实的说法。
ostrich|A large flightless bird with a long neck and legs.|鸵鸟；颈和腿很长、不会飞的大型鸟类。
savvy|Having practical knowledge and good judgment.|精明的；具有实际知识和判断力的。
neuroscience|The scientific study of the brain and nervous system.|神经科学；研究脑和神经系统的科学。
data bank|An organized collection of information stored for later use.|数据库；用于后续使用的有序资料集合。
paradoxical|Seeming contradictory although possibly true.|似是而非的；表面矛盾但可能真实的。
unselfishly|With concern for others rather than personal advantage.|无私地；考虑他人而非个人利益地。
rebelliousness|A tendency to resist authority or accepted rules.|叛逆性；抵抗权威或既定规则的倾向。
underlie|To form the basis or cause of something.|构成基础；是某事的潜在原因。
grown-up|An adult; a person who has reached maturity.|成年人；已经成熟的人。
compliant|Willing to follow rules or other people's wishes.|顺从的；愿意遵守规则或他人意愿的。
risk-taking|The willingness or act of doing something with uncertain outcomes.|冒险；承担不确定结果的行为或意愿。
altruistic|Concerned with other people's welfare rather than one's own benefit.|利他的；重视他人福祉而非个人利益的。
evenly|In equal amounts or with a regular distribution.|均等地；以相等数量或均匀分布的方式。
recent|Happening or appearing not long ago.|近期的；不久前发生或出现的。
millionaire|A person with wealth worth at least one million monetary units.|百万富翁；拥有至少一百万货币单位财富的人。
billionaire|A person with wealth worth at least one billion monetary units.|亿万富翁；拥有至少十亿货币单位财富的人。
middle-income|Having an income between low and high levels.|中等收入的；收入处于中间水平的。
living standard|The level of material comfort and resources available to people.|生活水平；人们拥有的物质条件和资源水平。
health care|Services that maintain health and treat illness.|医疗保健；维持健康和治疗疾病的服务。
destroy|To damage something so badly that it no longer exists or works.|摧毁；严重损坏至无法存在或运作。
inequality|An unequal distribution of resources, opportunities, or treatment.|不平等；资源、机会或待遇分配不均。
roadblock|A barrier across a road, or an obstacle to progress.|路障；也指阻碍进展的障碍。
deploy|To position or use resources effectively for a purpose.|部署；为某个目标有效使用资源。
transformative|Causing a major change in form or character.|变革性的；引起重大变化的。
tremendous|Extremely large or very great.|巨大的；程度极大的。
buy-in|Acceptance of and willingness to support an idea or change.|认同；愿意支持某个观点或变更。
simmer|To cook below boiling point, or remain quietly full of emotion.|慢炖；也指情绪在内心郁积。
commercialization|The process of turning something into a marketable business activity.|商业化；使某事成为可市场化商业活动的过程。
disparity|A large difference or unequal relationship.|差距；显著差异或悬殊。
lie in|To exist in or have its cause in something.|在于；存在于或根源在于。
stranglehold|Complete and restrictive control over something.|绝对控制；限制他人行动的全面控制。
currently|At the present time.|目前；在当前时间。
fluctuate|To rise and fall or change irregularly.|波动；不规则地上升、下降或变化。
low-carbon|Producing relatively little carbon emissions.|低碳的；碳排放量相对较低的。
outdated|No longer current or suitable for present needs.|过时的；不再符合当前需要的。
decimation|The destruction or loss of a large proportion.|大量毁坏；很大一部分的损失。
solely|Only; without including anyone or anything else.|仅仅；不包括其他人或事物。
on the ground|At the actual place where events happen.|在现场；在事情实际发生的地方。
impetus|A force or influence that encourages progress.|推动力；促进进展的力量或影响。
gerontologist|A specialist who studies aging and older people.|老年学专家；研究衰老和老年人的专家。
institute|An organization established for research, education, or a particular purpose.|研究所；为研究、教育等目标设立的机构。
be associated with|To be connected or linked with something.|与……相关；同某事物存在联系。
self-driving|Able to drive itself without constant human control.|自动驾驶的；无需持续人工控制即可行驶的。
comfortably|With physical ease, or by a safe margin.|舒适地；也指轻松地或有充足余量地。
probably|Very likely to be true or happen.|很可能；大概如此。
tracker|A device or person that follows movement or records progress.|追踪器；跟踪移动或记录进展的装置或人员。
portability|The ability to be moved or used in another place or system.|可携带性；可转移或在另一系统中使用的能力。
typically|Usually; in a way characteristic of something.|通常；以典型方式。
additional|Extra; added to what is already present.|额外的；在现有基础上增加的。
potentially|Possibly, if suitable conditions occur.|可能地；在适当条件下有可能。
misleading|Causing someone to form an incorrect understanding.|误导性的；使人产生错误理解的。
commentator|A person who explains or expresses opinions about events.|评论员；对事件作解释或发表意见的人。
shore up|To support or strengthen something weak.|支撑；加强薄弱的事物。
forefront|The most important or leading position.|最前沿；最重要或领先的位置。
recently|Not long before the present time.|最近；距现在不久。
historically|In the past, or in relation to history.|以往；从历史角度看。
payment systems|Arrangements and technologies used to transfer money.|支付系统；用于转移资金的安排和技术。
generosity|The willingness to give money, time, or help freely.|慷慨；乐于付出金钱、时间或帮助。
timing|The choice or control of the moment when something happens.|时机；对事情发生时间的选择或把握。
in advance|Before an event or a specified time.|提前；在某个事件或时间之前。
routinely|Regularly as part of a usual procedure.|惯常地；作为通常流程经常进行地。
default options|Choices applied automatically unless the user changes them.|默认选项；用户未修改时自动采用的选择。
mortality rates|Measures of how frequently deaths occur in a population.|死亡率；某个人群中死亡发生频率的指标。
meet the needs of|To provide what a person or group requires.|满足……的需求；提供所需要的东西。
out of date|No longer current, valid, or fashionable.|过时的；不再有效或时兴的。
rivaled|Matched or challenged by something equally good or strong.|被匹敌；被同样出色或强大的事物赶上。
make progress|To advance or improve toward a goal.|取得进展；朝目标前进或改善。
begin with|To start by doing or considering something.|从……开始；首先进行或考虑某事。
determinant|A factor that strongly influences an outcome.|决定因素；对结果有重要影响的因素。
in general|Usually, or when considering the overall situation.|一般而言；从整体情况来看。
implementation|The act of putting a plan or rule into practice.|实施；把计划或规则付诸实践。
localized|Limited or adapted to a particular place.|局部的；贴合特定地方情况的。
nuanced|Showing fine distinctions and subtle differences.|细致入微的；体现微妙差别的。
at risk|In danger of experiencing harm or loss.|处于风险中；可能遭受伤害或损失。
unofficial|Not formally approved or issued by an authority.|非官方的；未经正式认可或发布的。
footprint|A mark left by a foot, or the area and impact of an activity.|足迹；也指活动占据的范围或造成的影响。
unspoken|Not expressed in words, although possibly understood.|未说出口的；可能已被理解但没有明确表达的。
disobedience|A refusal or failure to obey rules or authority.|不服从；拒绝遵守规则或权威。
cut corners|To save time or money by leaving out necessary steps.|偷工减料；省略必要步骤以节省时间或成本。
effectively|In a way that achieves the intended result.|有效地；达到预期结果地。
pave|To cover a surface with a hard material suitable for walking or driving.|铺设路面；用硬质材料覆盖地面。
adhere to|To follow a rule, belief, or agreement faithfully.|遵守；忠实遵循规则、信念或协议。
ongoing|Continuing to happen or develop.|持续的；仍在发生或发展的。
curated|Carefully selected and organized for a purpose.|精心策划的；为特定目标仔细挑选和组织的。
colonist|A person who settles in a colony.|殖民地居民；到殖民地定居的人。
obsession|A thought or interest that occupies the mind excessively.|痴迷；过度占据心思的念头或兴趣。
contributor|A person who gives work, money, ideas, or other help.|贡献者；提供劳动、资金、观点或帮助的人。
adaptability|The ability to adjust to new conditions.|适应能力；调整以适合新环境的能力。
startlingly|In a way that is unexpectedly surprising.|惊人地；出乎意料而令人吃惊地。
come under|To become subject to an influence, control, or criticism.|受到……影响、控制或批评。
for some time|For a fairly long or unspecified period.|一段时间；通常指相当长的一段时间。
third party|A person or organization other than the two directly involved.|第三方；直接参与的双方之外的人或组织。
in place|In the correct position or ready for use.|到位；在合适位置或已准备就绪。
positively|In a helpful, favorable, or confident way.|积极地；以有利、肯定或自信的方式。
admin|Administrative work or the people who manage it.|行政工作；负责管理事务的人员。
away from|At a distance from, or moving farther from something.|远离；离某物有距离或向更远处移动。
be equipped with|To have the tools or features needed for a purpose.|配备有；拥有实现目标所需的工具或功能。
for|Used to express purpose, benefit, duration, or an intended recipient.|介词：表示目的、受益者、持续时间或对象。
fluidity|The ability to move or change smoothly and easily.|流动性；流畅而易于变化的能力。
abruptly|Suddenly and unexpectedly.|突然地；出乎意料地。
block party|A neighborhood celebration held on a street or city block.|街区聚会；在街道或街区举办的邻里活动。
staffing|The provision and arrangement of employees.|人员配备；员工的配置和安排。
point to|To indicate or suggest something.|指向；指出或暗示某事。
vibrancy|Energy, activity, and liveliness.|活力；充满生气和活动的状态。
foot traffic|The number or flow of people walking through a place.|客流量；步行经过某处的人数或流量。
sponsorship|Financial or other support for an activity in return for recognition.|赞助；为活动提供资金或其他支持以获得宣传。
indie|Produced independently of major commercial companies.|独立制作的；不依赖大型商业公司的。
upward of|More than a stated amount.|超过；多于所述数量。
scale back|To reduce the size, amount, or extent of something.|缩减；减少规模、数量或范围。
